objectPath,objectName,objectType,id
/Explore/DevOps_POC,Connections,Folder,9uWbijPHsoqiuFGYXd5aCt
/Explore,DevOps_POC,Project,7hveqEpocoEfjzMTKRSri7
/Explore/DevOps_POC/Service Connectors,SC_IICSRestAPI,AI_SERVICE_CONNECTOR,81436QR47Gfj2tz6CrjvKm
/Explore/DevOps_POC,Service Connectors,Folder,aDBZ768QgvWbFN52OjCbav
/Explore/DevOps_POC/Processes,proc_REST_Download_Project_(Cloud),PROCESS,3KgaWztPJZqjH9PszrDuUw
/Explore/DevOps_POC/Connections,connSC-IICSRestAPI,AI_CONNECTION,arB9ZyaFXkUlnw28SBk5Kr
/Explore/DevOps_POC,Processes,Folder,2Zjazy4RooekHKosrRGo8f
/Explore/DevOps_POC/Processes,proc_REST_Move_Project_(Cloud),PROCESS,aI5nrEGGzcFbNSRl2wKVS3
/Explore/DevOps_POC/Processes,proc_REST_Project_List_(Cloud),PROCESS,1xrmq91Anq6eWHYO4r67KK