<aetgt:getResponse xmlns:aetgt="http://schemas.active-endpoints.com/appmodules/repository/2010/10/avrepository.xsd"
                   xmlns:types1="http://schemas.active-endpoints.com/appmodules/repository/2010/10/avrepository.xsd">
   <types1:Item>
      <types1:EntryId>cmrhwq9bdsreK8Z-gt-70453615-2019-09-26T18:51:28.045Z::svc.xml</types1:EntryId>
      <types1:Name>SC_IICSRestAPI</types1:Name>
      <types1:ParentFlowIds>5fQ5Hhwq9bdsreK-gt-2602400-2019-09-26T18:51:44.911Z::conn.xml</types1:ParentFlowIds>
      <types1:MimeType>application/xml+businesssconnector</types1:MimeType>
      <types1:Description>Used to test information from the outbound message</types1:Description>
      <types1:AppliesTo/>
      <types1:Tags/>
      <types1:VersionLabel>1.0</types1:VersionLabel>
      <types1:State>CURRENT</types1:State>
      <types1:ProcessGroup/>
      <types1:CreatedBy>Thomas.Righele_dev@guycarp.com</types1:CreatedBy>
      <types1:CreationDate>2019-09-26T18:51:28Z</types1:CreationDate>
      <types1:ModifiedBy>Thomas.Righele_dev@guycarp.com</types1:ModifiedBy>
      <types1:ModificationDate>2019-09-27T14:29:57Z</types1:ModificationDate>
      <types1:PublicationStatus>published</types1:PublicationStatus>
      <types1:PublishedBy>Thomas.Righele_dev@guycarp.com</types1:PublishedBy>
      <types1:PublicationDate>2019-09-27T14:30:08Z</types1:PublicationDate>
      <types1:PublishedContributionId>project:/rt.connector/SC_IICSRestAPI/SC_IICSRestAPI_svcDef.xml</types1:PublishedContributionId>
      <types1:AutosaveExists>false</types1:AutosaveExists>
      <types1:Entry>
         <businessConnector xmlns="http://schemas.informatica.com/socrates/data-services/2014/05/business-connector-model.xsd"
                            agentOnly="false"
                            debug="false"
                            displayName="SC_IICSRestAPI"
                            label=""
                            name="SC_IICSRestAPI"
                            uuid="6e1514e5-743e-4870-a512-6cd7c1eada40">
            <description>Used to test information from the outbound message</description>
            <tags/>
            <connectionAttributes xmlns="http://schemas.informatica.com/appmodules/screenflow/2014/04/avosConnectors.xsd"/>
            <actions>
               <action category=""
                       failOnError="true"
                       forSearch="false"
                       label="Login"
                       maxRedirects="100"
                       name="Login"
                       preemptiveAuth="true"
                       responseEncoding="">
                  <description/>
                  <input>
                     <parameter name="username"
                                required="true"
                                testWith="Thomas.Righele_dev@guycarp.com"
                                type="string"/>
                     <parameter name="password"
                                required="true"
                                testWith="Silver326@"
                                type="string"/>
                  </input>
                  <binding>
                     <restSimpleBinding multiUsing="semicolonSeparated"
                                        url="https://dm-us.informaticacloud.com/saas/public/core/v3/login"
                                        verb="POST">
                        <httpHeaders>
                           <header name="Content-Type">application/json</header>
                        </httpHeaders>
                        <body generateUsing="JSON" preserveJsonStringFormatting="true"/>
                     </restSimpleBinding>
                  </binding>
                  <output>
                     <field description=""
                            name="baseApiUrl"
                            property="baseApiUrl"
                            type="string"/>
                     <field description=""
                            name="sessionId"
                            property="sessionId"
                            type="string"/>
                  </output>
               </action>
               <action category=""
                       failOnError="true"
                       forSearch="false"
                       label="LookUp"
                       maxRedirects="100"
                       name="LookUp"
                       preemptiveAuth="true"
                       responseEncoding="">
                  <description/>
                  <input>
                     <parameter name="baseApiUrl"
                                nogen="true"
                                required="true"
                                testWith="https://use6.dm-us.informaticacloud.com/saas"
                                type="string"/>
                     <parameter name="sessionId"
                                nogen="true"
                                required="true"
                                testWith="6CHb7PAnvCqjhGDYMGwYqV"
                                type="string"/>
                     <parameter name="objects"
                                required="true"
                                testWith="{&#xA;&#x9;&#34;path&#34;: &#34;SDLC_POC&#34;,&#xA;&#x9;&#34;type&#34;: &#34;Project&#34;&#xA;}"
                                type="objectlist">
                        <options>
                           <option name="referenceTo">lookup_objects</option>
                        </options>
                     </parameter>
                  </input>
                  <binding>
                     <restSimpleBinding multiUsing="semicolonSeparated"
                                        url="{$baseApiUrl}/public/core/v3/lookup"
                                        verb="POST">
                        <httpHeaders>
                           <header name="Content-Type">application/json</header>
                           <header name="Accept">application/json</header>
                           <header name="INFA-SESSION-ID">{$sessionId}</header>
                        </httpHeaders>
                        <body generateUsing="JSON" preserveJsonStringFormatting="true"/>
                     </restSimpleBinding>
                  </binding>
                  <output>
                     <field description="" name="objectid" property="id" type="string"/>
                  </output>
               </action>
               <action category=""
                       failOnError="true"
                       forSearch="false"
                       label="Export"
                       maxRedirects="100"
                       name="Export"
                       preemptiveAuth="true"
                       responseEncoding="">
                  <description/>
                  <input>
                     <parameter name="baseApiUrl"
                                nogen="true"
                                required="true"
                                testWith="https://use6.dm-us.informaticacloud.com/saas"
                                type="string"/>
                     <parameter name="sessionId"
                                nogen="true"
                                required="true"
                                testWith="6CHb7PAnvCqjhGDYMGwYqV"
                                type="string"/>
                     <parameter name="name" required="true" testWith="testJob2" type="string"/>
                     <parameter name="objects"
                                required="true"
                                testWith="{&#xA;&#x9;&#34;id&#34;: &#34;7hveqEpocoEfjzMTKRSri7&#34;,&#xA;&#x9;&#34;includeDependencies&#34;: true&#xA;}"
                                type="objectlist">
                        <options>
                           <option name="referenceTo">export_objects</option>
                        </options>
                     </parameter>
                  </input>
                  <binding>
                     <restSimpleBinding multiUsing="semicolonSeparated"
                                        url="{$baseApiUrl}/public/core/v3/export"
                                        verb="POST">
                        <httpHeaders>
                           <header name="Content-Type">application/json</header>
                           <header name="Accept">application/json</header>
                           <header name="INFA-SESSION-ID">{$sessionId}</header>
                        </httpHeaders>
                        <body generateUsing="JSON" preserveJsonStringFormatting="true"/>
                     </restSimpleBinding>
                  </binding>
                  <output>
                     <field description="" name="exportid" property="id" type="string"/>
                  </output>
               </action>
               <action category=""
                       failOnError="true"
                       forSearch="false"
                       label="Export Status"
                       maxRedirects="100"
                       name="Export Status"
                       preemptiveAuth="true"
                       responseEncoding="">
                  <description/>
                  <input>
                     <parameter name="baseApiUrl"
                                nogen="true"
                                required="false"
                                testWith="https://use6.dm-us.informaticacloud.com/saas"
                                type="string"/>
                     <parameter name="sessionId"
                                nogen="true"
                                required="true"
                                testWith="6CHb7PAnvCqjhGDYMGwYqV"
                                type="string"/>
                     <parameter name="exportid"
                                nogen="true"
                                required="true"
                                testWith="84FkfUGpBbTbOHURn4fvOL"
                                type="string"/>
                  </input>
                  <binding>
                     <restSimpleBinding multiUsing="semicolonSeparated"
                                        url="{$baseApiUrl}/public/core/v3/export/{$exportid}"
                                        verb="GET">
                        <httpHeaders>
                           <header name="Content-Type">application/json</header>
                           <header name="Accept">application/json</header>
                           <header name="INFA-SESSION-ID">{$sessionId}</header>
                        </httpHeaders>
                     </restSimpleBinding>
                  </binding>
                  <output>
                     <field description="" name="state" property="state" type="string"/>
                  </output>
               </action>
               <action category=""
                       failOnError="true"
                       forSearch="false"
                       label="Export File"
                       maxRedirects="100"
                       name="Export File"
                       preemptiveAuth="true"
                       responseEncoding="">
                  <description/>
                  <input>
                     <parameter name="baseApiUrl"
                                nogen="true"
                                required="true"
                                testWith="https://use6.dm-us.informaticacloud.com/saas"
                                type="string"/>
                     <parameter name="sessionId"
                                nogen="true"
                                required="true"
                                testWith="4XclCEB878fbokxiVjmwWz"
                                type="string"/>
                     <parameter name="exportid"
                                nogen="true"
                                required="true"
                                testWith="84FkfUGpBbTbOHURn4fvOL"
                                type="string"/>
                  </input>
                  <binding>
                     <restSimpleBinding multiUsing="semicolonSeparated"
                                        url="{$baseApiUrl}/public/core/v3/export/{$exportid}/package"
                                        verb="GET">
                        <httpHeaders>
                           <header name="Content-Type">application/json</header>
                           <header name="Accept">application/json</header>
                           <header name="INFA-SESSION-ID">{$sessionId}</header>
                        </httpHeaders>
                     </restSimpleBinding>
                  </binding>
                  <output>
                     <field attachment="true"
                            description=""
                            name="exportfile"
                            type="attachment"/>
                  </output>
               </action>
               <action category=""
                       failOnError="true"
                       forSearch="false"
                       label="LogOut"
                       maxRedirects="100"
                       name="LogOut"
                       preemptiveAuth="true"
                       responseEncoding="">
                  <description/>
                  <input>
                     <parameter name="baseApiUrl"
                                nogen="true"
                                required="true"
                                testWith="https://use6.dm-us.informaticacloud.com/saas"
                                type="string"/>
                     <parameter name="sessionId"
                                nogen="true"
                                required="true"
                                testWith="4XclCEB878fbokxiVjmwWz"
                                type="string"/>
                  </input>
                  <binding>
                     <restSimpleBinding multiUsing="semicolonSeparated"
                                        url="{$baseApiUrl}/public/core/v3/logout"
                                        verb="POST">
                        <httpHeaders>
                           <header name="Content-Type">application/json</header>
                           <header name="Accept">application/json</header>
                           <header name="INFA-SESSION-ID">{$sessionId}</header>
                        </httpHeaders>
                        <body/>
                     </restSimpleBinding>
                  </binding>
                  <output/>
               </action>
               <action category=""
                       failOnError="true"
                       forSearch="false"
                       label="Objects"
                       maxRedirects="100"
                       name="Objects"
                       preemptiveAuth="true"
                       responseEncoding="">
                  <description/>
                  <input>
                     <parameter name="baseApiUrl"
                                nogen="true"
                                required="false"
                                testWith="https://use6.dm-us.informaticacloud.com/saas"
                                type="string"/>
                     <parameter name="sessionId"
                                nogen="true"
                                required="false"
                                testWith="a8wWu4RXeAaeGhZSvoIKGP"
                                type="string"/>
                     <parameter name="query"
                                nogen="true"
                                required="false"
                                testWith="type==Project"
                                type="string"/>
                  </input>
                  <binding>
                     <restSimpleBinding url="{$baseApiUrl}/public/core/v3/objects" verb="GET">
                        <otherParams>
                           <otherParam name="q">{$query}</otherParam>
                        </otherParams>
                        <httpHeaders>
                           <header name="Content-Type">application/json</header>
                           <header name="Accept">application/json</header>
                           <header name="INFA-SESSION-ID">{$sessionId}</header>
                        </httpHeaders>
                     </restSimpleBinding>
                  </binding>
                  <output>
                     <field description=""
                            name="objects_list"
                            type="objectlist"
                            xmlElement=".">
                        <options>
                           <option name="referenceTo"/>
                        </options>
                     </field>
                  </output>
               </action>
            </actions>
            <objects>
               <processObject xmlns="http://schemas.active-endpoints.com/appmodules/screenflow/2011/06/avosHostEnvironment.xsd"
                              isByCopy="true"
                              name="lookup_objects">
                  <description/>
                  <detail>
                     <field name="path" type="string"/>
                     <field name="type" type="string"/>
                  </detail>
               </processObject>
               <processObject xmlns="http://schemas.active-endpoints.com/appmodules/screenflow/2011/06/avosHostEnvironment.xsd"
                              isByCopy="true"
                              name="export_objects">
                  <description/>
                  <detail>
                     <field name="id" type="string"/>
                     <field name="includeDependencies" type="string"/>
                  </detail>
               </processObject>
            </objects>
         </businessConnector>
      </types1:Entry>
      <types1:GUID>81436QR47Gfj2tz6CrjvKm</types1:GUID>
      <types1:DisplayName>SC_IICSRestAPI</types1:DisplayName>
   </types1:Item>
   <types1:CurrentServerDateTime>2019-11-22T18:08:58.806Z</types1:CurrentServerDateTime>
</aetgt:getResponse>
