<aetgt:getResponse xmlns:aetgt="http://schemas.active-endpoints.com/appmodules/repository/2010/10/avrepository.xsd"
                   xmlns:types1="http://schemas.active-endpoints.com/appmodules/repository/2010/10/avrepository.xsd">
   <types1:Item>
      <types1:EntryId>AhrswVYx8R8WrY1-gt-2604550-2019-09-26T18:56:09.342Z::pd.xml</types1:EntryId>
      <types1:Name>proc_REST_Download_Project_Cloud_</types1:Name>
      <types1:MimeType>application/xml+process</types1:MimeType>
      <types1:Description/>
      <types1:AppliesTo/>
      <types1:Tags/>
      <types1:VersionLabel>1.0</types1:VersionLabel>
      <types1:State>CURRENT</types1:State>
      <types1:ProcessGroup/>
      <types1:CreatedBy>Thomas.Righele_dev@guycarp.com</types1:CreatedBy>
      <types1:CreationDate>2019-09-26T18:56:09Z</types1:CreationDate>
      <types1:ModifiedBy>1198680@na.ad.guycarp.com</types1:ModifiedBy>
      <types1:ModificationDate>2019-10-02T19:43:25Z</types1:ModificationDate>
      <types1:PublicationStatus>published</types1:PublicationStatus>
      <types1:PublishedBy>1198680@na.ad.guycarp.com</types1:PublishedBy>
      <types1:PublicationDate>2019-10-02T19:43:34Z</types1:PublicationDate>
      <types1:PublishedContributionId>project:/spi.proc_REST_Download_Project_Cloud_/proc_REST_Download_Project_Cloud_.pd.xml</types1:PublishedContributionId>
      <types1:AutosaveExists>false</types1:AutosaveExists>
      <types1:Entry>
         <process xmlns="http://schemas.active-endpoints.com/appmodules/screenflow/2010/10/avosScreenflow.xsd"
                  xmlns:list="urn:activevos:spi:list:functions"
                  displayName="proc_REST_Download_Project_(Cloud)"
                  name="proc_REST_Download_Project_Cloud_">
            <appliesTo/>
            <description/>
            <tags/>
            <generator>Informatica Process Designer 11</generator>
            <input>
               <parameter description="" name="projectname" type="string">
                  <options>
                     <option name="required">false</option>
                  </options>
               </parameter>
            </input>
            <output>
               <field description="" name="exportfile" type="attachment">
                  <options>
                     <option hide="true" name="count">1</option>
                     <option name="maxsize">5242880</option>
                     <option name="required">false</option>
                  </options>
               </field>
            </output>
            <tempFields>
               <field description="" name="lookup_objects" type="reference">
                  <options>
                     <option name="referenceTo">connSC-IICSRestAPI:lookup_objects</option>
                     <option name="required">false</option>
                     <option name="isCopy">true</option>
                     <option name="guid">arB9ZyaFXkUlnw28SBk5Kr</option>
                  </options>
               </field>
               <field description="" name="export_objects" type="reference">
                  <options>
                     <option name="referenceTo">connSC-IICSRestAPI:export_objects</option>
                     <option name="required">false</option>
                     <option name="isCopy">true</option>
                     <option name="guid">arB9ZyaFXkUlnw28SBk5Kr</option>
                  </options>
               </field>
            </tempFields>
            <notes/>
            <deployment suspendOnFault="false" tracingLevel="normal">
               <rest>
                  <allowedUsers>
                     <user>Thomas.Righele_dev@guycarp.com</user>
                  </allowedUsers>
                  <wholePayload outputWholePayload="true"/>
               </rest>
            </deployment>
            <flow id="a">
               <start id="b">
                  <link id="k115p8px" targetId="k115p8pw"/>
               </start>
               <service id="k115p8pw">
                  <title>Login</title>
                  <serviceName>connSC-IICSRestAPI:Login</serviceName>
                  <serviceGUID>arB9ZyaFXkUlnw28SBk5Kr</serviceGUID>
                  <serviceInput>
                     <parameter name="username" source="constant">Thomas.Righele_dev@guycarp.com</parameter>
                     <parameter name="password" source="constant">Silver326@</parameter>
                  </serviceInput>
                  <link id="k115p8ql" targetId="k115p8qk"/>
               </service>
               <service id="k115p8q6">
                  <title>LookUp</title>
                  <serviceName>connSC-IICSRestAPI:LookUp</serviceName>
                  <serviceGUID>arB9ZyaFXkUlnw28SBk5Kr</serviceGUID>
                  <serviceInput>
                     <parameter name="baseApiUrl" source="constant">{$output.baseApiUrl}</parameter>
                     <parameter name="sessionId" source="constant">{$output.sessionId}</parameter>
                     <parameter name="objects" source="field" updatable="true">temp.lookup_objects</parameter>
                  </serviceInput>
                  <link id="k115p8r1" targetId="k115p8r0"/>
               </service>
               <service id="k115p8r7">
                  <title>Start Export Job</title>
                  <serviceName>connSC-IICSRestAPI:Export</serviceName>
                  <serviceGUID>arB9ZyaFXkUlnw28SBk5Kr</serviceGUID>
                  <serviceInput>
                     <parameter name="baseApiUrl" source="constant">{$output.baseApiUrl}</parameter>
                     <parameter name="sessionId" source="constant">{$output.sessionId}</parameter>
                     <parameter name="name" source="formula">
                        <expression language="XQuery">fn:concat('test_',util:random())</expression>
                     </parameter>
                     <parameter name="objects" source="field" updatable="true">temp.export_objects</parameter>
                  </serviceInput>
                  <link id="k115p8s5" targetId="k115p8s4"/>
               </service>
               <service id="k115p8sb">
                  <title>Export File</title>
                  <serviceName>connSC-IICSRestAPI:Export File</serviceName>
                  <serviceGUID>arB9ZyaFXkUlnw28SBk5Kr</serviceGUID>
                  <serviceInput>
                     <parameter name="baseApiUrl" source="constant">{$output.baseApiUrl}</parameter>
                     <parameter name="sessionId" source="constant">{$output.sessionId}</parameter>
                     <parameter name="exportid" source="constant">{$output.exportid}</parameter>
                  </serviceInput>
                  <link id="k125xgnr" targetId="k125xgnq"/>
               </service>
               <service id="k125xgnq">
                  <title>LogOut</title>
                  <serviceName>connSC-IICSRestAPI:LogOut</serviceName>
                  <serviceGUID>arB9ZyaFXkUlnw28SBk5Kr</serviceGUID>
                  <serviceInput>
                     <parameter name="baseApiUrl" source="constant">{$output.baseApiUrl}</parameter>
                     <parameter name="sessionId" source="constant">{$output.sessionId}</parameter>
                  </serviceInput>
                  <link id="k125xgns" targetId="c"/>
               </service>
               <assignment id="k115p8qk">
                  <title>Assignment to lookup_objects</title>
                  <operation source="formula" to="temp.lookup_objects">
                     <expression language="XQuery">&lt;lookup_objects&gt;
   &lt;path&gt;{$input.projectname}&lt;/path&gt;
   &lt;type&gt;Project&lt;/type&gt;
&lt;/lookup_objects&gt;
</expression>
                  </operation>
                  <link id="k115p8qm" targetId="k115p8q6"/>
               </assignment>
               <assignment id="k115p8r0">
                  <title>Assignment to export_objects</title>
                  <operation source="formula" to="temp.export_objects">
                     <expression language="XQuery">&lt;export_objects&gt;
   &lt;id&gt;{$output.objectid}&lt;/id&gt;
   &lt;includeDependencies&gt;true&lt;/includeDependencies&gt;
&lt;/export_objects&gt;
</expression>
                  </operation>
                  <link id="k115p8r8" targetId="k115p8r7"/>
               </assignment>
               <wait id="k115p8s4">
                  <title>Wait 2 seconds</title>
                  <duration source="formula">
                     <function name="duration_expression">
                        <arg name="value">2</arg>
                        <arg name="scale">S</arg>
                        <arg name="businessDays"/>
                     </function>
                  </duration>
                  <link id="k115p8sc" targetId="k115p8sb"/>
               </wait>
               <end id="c"/>
            </flow>
         </process>
      </types1:Entry>
      <types1:GUID>3KgaWztPJZqjH9PszrDuUw</types1:GUID>
      <types1:DisplayName>proc_REST_Download_Project_(Cloud)</types1:DisplayName>
   </types1:Item>
   <types1:CurrentServerDateTime>2019-11-21T21:10:09.429Z</types1:CurrentServerDateTime>
</aetgt:getResponse>
