<aetgt:getResponse xmlns:aetgt="http://schemas.active-endpoints.com/appmodules/repository/2010/10/avrepository.xsd"
                   xmlns:types1="http://schemas.active-endpoints.com/appmodules/repository/2010/10/avrepository.xsd">
   <types1:Item>
      <types1:EntryId>UigdpIO3M4WwOC2-gt-38824354-2019-09-27T14:32:32.749Z::pd.xml</types1:EntryId>
      <types1:Name>proc_REST_Project_List_Cloud_</types1:Name>
      <types1:MimeType>application/xml+process</types1:MimeType>
      <types1:Description/>
      <types1:AppliesTo/>
      <types1:Tags/>
      <types1:VersionLabel>1.0</types1:VersionLabel>
      <types1:State>CURRENT</types1:State>
      <types1:ProcessGroup/>
      <types1:CreatedBy>Thomas.Righele_dev@guycarp.com</types1:CreatedBy>
      <types1:CreationDate>2019-09-27T14:32:33Z</types1:CreationDate>
      <types1:ModifiedBy>Thomas.Righele_dev@guycarp.com</types1:ModifiedBy>
      <types1:ModificationDate>2019-09-27T15:12:09Z</types1:ModificationDate>
      <types1:PublicationStatus>published</types1:PublicationStatus>
      <types1:PublishedBy>Thomas.Righele_dev@guycarp.com</types1:PublishedBy>
      <types1:PublicationDate>2019-09-27T15:12:15Z</types1:PublicationDate>
      <types1:PublishedContributionId>project:/spi.proc_REST_Project_List_Cloud_/proc_REST_Project_List_Cloud_.pd.xml</types1:PublishedContributionId>
      <types1:AutosaveExists>false</types1:AutosaveExists>
      <types1:Entry>
         <process xmlns="http://schemas.active-endpoints.com/appmodules/screenflow/2010/10/avosScreenflow.xsd"
                  xmlns:list="urn:activevos:spi:list:functions"
                  displayName="proc_REST_Project_List_(Cloud)"
                  name="proc_REST_Project_List_Cloud_">
            <appliesTo/>
            <description/>
            <tags/>
            <generator>Informatica Process Designer 11</generator>
            <output>
               <field description="" name="project_list" type="objectlist">
                  <options>
                     <option name="referenceTo">$po:$any</option>
                     <option hide="true" name="multiSelect">true</option>
                     <option name="required">false</option>
                     <option name="isCopy">true</option>
                  </options>
               </field>
            </output>
            <notes/>
            <deployment suspendOnFault="false" tracingLevel="none">
               <rest>
                  <allowedUsers>
                     <user>Thomas.Righele_dev@guycarp.com</user>
                  </allowedUsers>
               </rest>
            </deployment>
            <flow id="a">
               <start id="b">
                  <link id="k1286cqt" targetId="k1286cqs"/>
               </start>
               <service id="k1286cqs">
                  <title>Login</title>
                  <serviceName>connSC-IICSRestAPI:Login</serviceName>
                  <serviceGUID>arB9ZyaFXkUlnw28SBk5Kr</serviceGUID>
                  <serviceInput>
                     <parameter name="username" source="constant">Thomas.Righele_dev@guycarp.com</parameter>
                     <parameter name="password" source="constant">Silver326@</parameter>
                  </serviceInput>
                  <link id="k1286cr2" targetId="k1286cr1"/>
               </service>
               <service id="k1286cr1">
                  <title>Objects</title>
                  <serviceName>connSC-IICSRestAPI:Objects</serviceName>
                  <serviceGUID>arB9ZyaFXkUlnw28SBk5Kr</serviceGUID>
                  <serviceInput>
                     <parameter name="baseApiUrl" source="constant">{$output.baseApiUrl}</parameter>
                     <parameter name="sessionId" source="constant">{$output.sessionId}</parameter>
                     <parameter name="query" source="constant">type==Project</parameter>
                  </serviceInput>
                  <link id="k1286crl" targetId="k1286crk"/>
               </service>
               <service id="k1286crb">
                  <title>LogOut</title>
                  <serviceName>connSC-IICSRestAPI:LogOut</serviceName>
                  <serviceGUID>arB9ZyaFXkUlnw28SBk5Kr</serviceGUID>
                  <serviceInput>
                     <parameter name="baseApiUrl" source="constant">{$output.baseApiUrl}</parameter>
                     <parameter name="sessionId" source="constant">{$output.sessionId}</parameter>
                  </serviceInput>
                  <link id="k1286crd" targetId="c"/>
               </service>
               <assignment id="k1286crk">
                  <title>Assign Project List with Filter</title>
                  <operation source="formula" to="output.project_list">
                     <expression language="XQuery">&lt;project_list&gt;
{for $i in $output.objects_list/objects where $i/path != 'Default'
return
&lt;project&gt;
&lt;projectname&gt;{fn:data($i/path)}&lt;/projectname&gt;
&lt;projectdescription&gt;{fn:data($i/description)}&lt;/projectdescription&gt;
&lt;/project&gt;
}
&lt;/project_list&gt;


</expression>
                  </operation>
                  <link id="k1286cs6" targetId="k1286crb"/>
               </assignment>
               <end id="c"/>
            </flow>
         </process>
      </types1:Entry>
      <types1:GUID>1xrmq91Anq6eWHYO4r67KK</types1:GUID>
      <types1:DisplayName>proc_REST_Project_List_(Cloud)</types1:DisplayName>
   </types1:Item>
   <types1:CurrentServerDateTime>2019-11-25T21:31:05.002Z</types1:CurrentServerDateTime>
</aetgt:getResponse>
