{"annotations":[],"baseURI":null,"id":"Projects(7hveqEpocoEfjzMTKRSri7)","title":null,"associationLinks":[],"navigationLinks":[],"type":"OData.frs.Project","editLink":null,"mediaEditLinks":[],"operations":[],"properties":[{"annotations":[],"valueType":"PRIMITIVE","value":"7hveqEpocoEfjzMTKRSri7","type":null,"name":"id","null":false,"collection":false,"complex":false,"geospatial":false,"primitive":true,"enum":false},{"annotations":[],"valueType":"PRIMITIVE","value":"DevOps_POC","type":null,"name":"name","null":false,"collection":false,"complex":false,"geospatial":false,"primitive":true,"enum":false},{"annotations":[],"valueType":"PRIMITIVE","value":"DevOps Proof of Concept to Automate promotion between environments","type":null,"name":"description","null":false,"collection":false,"complex":false,"geospatial":false,"primitive":true,"enum":false},{"annotations":[],"valueType":"PRIMITIVE","value":"2sBPxlDcMO4boVmK9FmNAs","type":null,"name":"owner","null":false,"collection":false,"complex":false,"geospatial":false,"primitive":true,"enum":false},{"annotations":[],"valueType":"PRIMITIVE","value":"2sBPxlDcMO4boVmK9FmNAs","type":null,"name":"createdBy","null":false,"collection":false,"complex":false,"geospatial":false,"primitive":true,"enum":false},{"annotations":[],"valueType":"PRIMITIVE","value":"3YKz71kI1Zal0AWvBYfs47","type":null,"name":"lastUpdatedBy","null":false,"collection":false,"complex":false,"geospatial":false,"primitive":true,"enum":false},{"annotations":[],"valueType":"PRIMITIVE","value":"3YKz71kI1Zal0AWvBYfs47","type":null,"name":"lastAccessedBy","null":false,"collection":false,"complex":false,"geospatial":false,"primitive":true,"enum":false},{"annotations":[],"valueType":"PRIMITIVE","value":"2019-09-26T18:44:47.000Z","type":null,"name":"createdTime","null":false,"collection":false,"complex":false,"geospatial":false,"primitive":true,"enum":false},{"annotations":[],"valueType":"PRIMITIVE","value":"2019-11-18T19:45:40.000Z","type":null,"name":"lastUpdatedTime","null":false,"collection":false,"complex":false,"geospatial":false,"primitive":true,"enum":false},{"annotations":[],"valueType":"PRIMITIVE","value":"2019-11-18T19:45:40.000Z","type":null,"name":"lastAccessedTime","null":false,"collection":false,"complex":false,"geospatial":false,"primitive":true,"enum":false},{"annotations":[],"valueType":"PRIMITIVE","value":"2038-01-18T00:00:00.000Z","type":null,"name":"expiresBy","null":false,"collection":false,"complex":false,"geospatial":false,"primitive":true,"enum":false},{"annotations":[],"valueType":"PRIMITIVE","value":"Project","type":null,"name":"documentType","null":false,"collection":false,"complex":false,"geospatial":false,"primitive":true,"enum":false},{"annotations":[],"valueType":"PRIMITIVE","value":"Binary","type":null,"name":"contentType","null":false,"collection":false,"complex":false,"geospatial":false,"primitive":true,"enum":false},{"annotations":[],"valueType":"PRIMITIVE","value":"COMPLETE","type":null,"name":"documentState","null":false,"collection":false,"complex":false,"geospatial":false,"primitive":true,"enum":false},{"annotations":[],"valueType":"PRIMITIVE","value":"org","type":null,"name":"aclRule","null":false,"collection":false,"complex":false,"geospatial":false,"primitive":true,"enum":false},{"annotations":[],"valueType":"PRIMITIVE","value":3,"type":null,"name":"subcontainerCount","null":false,"collection":false,"complex":false,"geospatial":false,"primitive":true,"enum":false},{"annotations":[],"valueType":"COMPLEX","value":null,"type":null,"name":"customAttributes","null":true,"collection":false,"complex":true,"geospatial":false,"primitive":false,"enum":false},{"annotations":[],"valueType":"COMPLEX","value":null,"type":null,"name":"repoInfo","null":true,"collection":false,"complex":true,"geospatial":false,"primitive":false,"enum":false},{"annotations":[],"valueType":"COLLECTION_COMPLEX","value":[{"annotations":[],"baseURI":null,"id":null,"title":null,"associationLinks":[],"navigationLinks":[],"value":[{"annotations":[],"valueType":"PRIMITIVE","value":"7cCn5thwWFLhiZoSosphKL","type":null,"name":"parentId","null":false,"collection":false,"complex":false,"geospatial":false,"primitive":true,"enum":false},{"annotations":[],"valueType":"PRIMITIVE","value":"REG","type":null,"name":"parentName","null":false,"collection":false,"complex":false,"geospatial":false,"primitive":true,"enum":false},{"annotations":[],"valueType":"PRIMITIVE","value":"Space","type":null,"name":"parentType","null":false,"collection":false,"complex":false,"geospatial":false,"primitive":true,"enum":false}],"navigationBindings":[]}],"type":null,"name":"parentInfo","null":false,"collection":true,"complex":true,"geospatial":false,"primitive":false,"enum":false}],"mediaContentSource":null,"mediaContentType":null,"mediaETag":null,"etag":null,"selfLink":null,"mediaEntity":false,"navigationBindings":[]}