{
  "name" : "AzureDevops_Build-20191122.3",
  "sourceOrgId" : "61bwlyFbBIjguh1qEB9vAH",
  "sourceOrgName" : "IICS Dev",
  "exportedObjects" : [ {
    "objectGuid" : "9uWbijPHsoqiuFGYXd5aCt",
    "objectName" : "Connections",
    "objectType" : "Folder",
    "path" : "/Explore/DevOps_POC",
    "metadata" : {
      "modelVersion" : {
        "major" : 0,
        "minor" : 0
      },
      "repoInfo" : null,
      "objectRefs" : [ ],
      "contextAttributes" : [ ],
      "additionalInfo" : {
        "description" : "",
        "contentType" : "Binary",
        "documentState" : "COMPLETE"
      }
    }
  }, {
    "objectGuid" : "7hveqEpocoEfjzMTKRSri7",
    "objectName" : "DevOps_POC",
    "objectType" : "Project",
    "path" : "/Explore",
    "metadata" : {
      "modelVersion" : {
        "major" : 0,
        "minor" : 0
      },
      "repoInfo" : null,
      "objectRefs" : [ ],
      "contextAttributes" : [ ],
      "additionalInfo" : {
        "description" : "DevOps Proof of Concept to Automate promotion between environments",
        "contentType" : "Binary",
        "documentState" : "COMPLETE"
      }
    }
  }, {
    "objectGuid" : "81436QR47Gfj2tz6CrjvKm",
    "objectName" : "SC_IICSRestAPI",
    "objectType" : "AI_SERVICE_CONNECTOR",
    "path" : "/Explore/DevOps_POC/Service Connectors",
    "metadata" : {
      "modelVersion" : {
        "major" : 1,
        "minor" : 0
      },
      "repoInfo" : {
        "repoHandle" : "cmrhwq9bdsreK8Z-gt-70453615-2019-09-26T18:51:28.045Z::svc.xml"
      },
      "objectRefs" : [ ],
      "contextAttributes" : null,
      "additionalInfo" : {
        "description" : "Used to test information from the outbound message",
        "contentType" : "application/json; charset=utf-8",
        "documentState" : "VALID"
      }
    }
  }, {
    "objectGuid" : "aDBZ768QgvWbFN52OjCbav",
    "objectName" : "Service Connectors",
    "objectType" : "Folder",
    "path" : "/Explore/DevOps_POC",
    "metadata" : {
      "modelVersion" : {
        "major" : 0,
        "minor" : 0
      },
      "repoInfo" : null,
      "objectRefs" : [ ],
      "contextAttributes" : [ ],
      "additionalInfo" : {
        "description" : "",
        "contentType" : "Binary",
        "documentState" : "COMPLETE"
      }
    }
  }, {
    "objectGuid" : "3KgaWztPJZqjH9PszrDuUw",
    "objectName" : "proc_REST_Download_Project_(Cloud)",
    "objectType" : "PROCESS",
    "path" : "/Explore/DevOps_POC/Processes",
    "metadata" : {
      "modelVersion" : {
        "major" : 1,
        "minor" : 0
      },
      "repoInfo" : {
        "repoHandle" : "AhrswVYx8R8WrY1-gt-2604550-2019-09-26T18:56:09.342Z::pd.xml"
      },
      "objectRefs" : [ "arB9ZyaFXkUlnw28SBk5Kr" ],
      "contextAttributes" : null,
      "additionalInfo" : {
        "description" : "",
        "contentType" : "application/json; charset=utf-8",
        "documentState" : "VALID"
      }
    }
  }, {
    "objectGuid" : "arB9ZyaFXkUlnw28SBk5Kr",
    "objectName" : "connSC-IICSRestAPI",
    "objectType" : "AI_CONNECTION",
    "path" : "/Explore/DevOps_POC/Connections",
    "metadata" : {
      "modelVersion" : {
        "major" : 1,
        "minor" : 0
      },
      "repoInfo" : {
        "repoHandle" : "5fQ5Hhwq9bdsreK-gt-2602400-2019-09-26T18:51:44.911Z::conn.xml"
      },
      "objectRefs" : [ "81436QR47Gfj2tz6CrjvKm" ],
      "contextAttributes" : null,
      "additionalInfo" : {
        "description" : "",
        "contentType" : "application/json; charset=utf-8",
        "documentState" : "VALID"
      }
    }
  }, {
    "objectGuid" : "2Zjazy4RooekHKosrRGo8f",
    "objectName" : "Processes",
    "objectType" : "Folder",
    "path" : "/Explore/DevOps_POC",
    "metadata" : {
      "modelVersion" : {
        "major" : 0,
        "minor" : 0
      },
      "repoInfo" : null,
      "objectRefs" : [ ],
      "contextAttributes" : [ ],
      "additionalInfo" : {
        "description" : "",
        "contentType" : "Binary",
        "documentState" : "COMPLETE"
      }
    }
  }, {
    "objectGuid" : "aI5nrEGGzcFbNSRl2wKVS3",
    "objectName" : "proc_REST_Move_Project_(Cloud)",
    "objectType" : "PROCESS",
    "path" : "/Explore/DevOps_POC/Processes",
    "metadata" : {
      "modelVersion" : {
        "major" : 1,
        "minor" : 0
      },
      "repoInfo" : {
        "repoHandle" : "xX5SeE1KoJBUhty-gt-120519330-2019-10-02T19:47:02.838Z::pd.xml"
      },
      "objectRefs" : [ "arB9ZyaFXkUlnw28SBk5Kr" ],
      "contextAttributes" : null,
      "additionalInfo" : {
        "description" : "Test Branch Merge for newFeature",
        "contentType" : "application/json; charset=utf-8",
        "documentState" : "VALID"
      }
    }
  }, {
    "objectGuid" : "1xrmq91Anq6eWHYO4r67KK",
    "objectName" : "proc_REST_Project_List_(Cloud)",
    "objectType" : "PROCESS",
    "path" : "/Explore/DevOps_POC/Processes",
    "metadata" : {
      "modelVersion" : {
        "major" : 1,
        "minor" : 0
      },
      "repoInfo" : {
        "repoHandle" : "UigdpIO3M4WwOC2-gt-38824354-2019-09-27T14:32:32.749Z::pd.xml"
      },
      "objectRefs" : [ "arB9ZyaFXkUlnw28SBk5Kr" ],
      "contextAttributes" : null,
      "additionalInfo" : {
        "description" : "",
        "contentType" : "application/json; charset=utf-8",
        "documentState" : "VALID"
      }
    }
  } ]
}