<aetgt:getResponse xmlns:aetgt="http://schemas.active-endpoints.com/appmodules/repository/2010/10/avrepository.xsd"
                   xmlns:types1="http://schemas.active-endpoints.com/appmodules/repository/2010/10/avrepository.xsd">
   <types1:Item>
      <types1:EntryId>5fQ5Hhwq9bdsreK-gt-2602400-2019-09-26T18:51:44.911Z::conn.xml</types1:EntryId>
      <types1:Name>connSC-IICSRestAPI</types1:Name>
      <types1:ParentFlowIds>UigdpIO3M4WwOC2-gt-38824354-2019-09-27T14:32:32.749Z::pd.xml,AhrswVYx8R8WrY1-gt-2604550-2019-09-26T18:56:09.342Z::pd.xml,xX5SeE1KoJBUhty-gt-120519330-2019-10-02T19:47:02.838Z::pd.xml</types1:ParentFlowIds>
      <types1:MimeType>application/xml+connection</types1:MimeType>
      <types1:Description/>
      <types1:AppliesTo/>
      <types1:Tags/>
      <types1:VersionLabel>1.0</types1:VersionLabel>
      <types1:State>CURRENT</types1:State>
      <types1:ProcessGroup/>
      <types1:CreatedBy>Thomas.Righele_dev@guycarp.com</types1:CreatedBy>
      <types1:CreationDate>2019-09-26T18:51:45Z</types1:CreationDate>
      <types1:ModifiedBy>Thomas.Righele_dev@guycarp.com</types1:ModifiedBy>
      <types1:ModificationDate>2019-09-26T20:34:38Z</types1:ModificationDate>
      <types1:PublicationStatus>published</types1:PublicationStatus>
      <types1:PublishedBy>Thomas.Righele_dev@guycarp.com</types1:PublishedBy>
      <types1:PublicationDate>2019-09-27T14:31:53Z</types1:PublicationDate>
      <types1:PublishedContributionId>project:/rt.connection/connSC-IICSRestAPI/connSC-IICSRestAPI.conn.xml</types1:PublishedContributionId>
      <types1:AutosaveExists>false</types1:AutosaveExists>
      <types1:Entry>
         <connection xmlns="http://schemas.informatica.com/socrates/data-services/2014/04/avosConnections.xsd"
                     displayName="connSC-IICSRestAPI"
                     label="connSC-IICSRestAPI"
                     name="connSC-IICSRestAPI">
            <description/>
            <tags/>
            <agent/>
            <attributes/>
            <businessConnector xmlns="http://schemas.informatica.com/appmodules/screenflow/2014/04/avosConnectors.xsd"
                               agentOnly="false"
                               connectorPath="project:/rt.connector/SC_IICSRestAPI/SC_IICSRestAPI_svcDef.xml"
                               guid="81436QR47Gfj2tz6CrjvKm"
                               name="SC_IICSRestAPI"
                               supportsConnectionTest="false"
                               uuid="6e1514e5-743e-4870-a512-6cd7c1eada40">
               <description>Used to test information from the outbound message</description>
            </businessConnector>
         </connection>
      </types1:Entry>
      <types1:GUID>arB9ZyaFXkUlnw28SBk5Kr</types1:GUID>
      <types1:DisplayName>connSC-IICSRestAPI</types1:DisplayName>
   </types1:Item>
   <types1:CurrentServerDateTime>2019-11-22T20:13:47.223Z</types1:CurrentServerDateTime>
</aetgt:getResponse>
